Product Group,Product Name,Scenario,Total Emissions (kgCO2e),Final Yield (%),Final Mass (kg),Intensity (kgCO2e/m2 output)
6. NEW,6.1_DGU_6_16_6_Cool-Lite Xtreme 70 33,System Reuse,19.443290947466984,100.0,20.0,19.443290947466984
6. NEW,6.1_DGU_6_16_6_Cool-Lite Xtreme 70 33,Component Reuse,24.767779972194074,80.0,16.0,30.95972496524259
6. NEW,6.1_DGU_6_16_6_Cool-Lite Xtreme 70 33,Component Repurpose,21.853215459830533,90.0,18.0,24.281350510922813
6. NEW,6.1_DGU_6_16_6_Cool-Lite Xtreme 70 33,Closed-loop Recycling,7.740120466735726,80.0,16.0,9.675150583419656
6. NEW,6.1_DGU_6_16_6_Cool-Lite Xtreme 70 33,Open-loop Recycling,5.539516565644057,20.0,3.999999999999999,27.69758282822029
