Product Group,Product Name,Scenario,Total Emissions (kgCO2e),Final Yield (%),Final Mass (kg),Intensity (kgCO2e/m2 output)
,6.3_TGU_6_16_6_16_6_Cool-Lite Xtreme 70 33_ECLAZ,System Reuse,21.357620042213682,100.0,30.0,21.357620042213682
,6.3_TGU_6_16_6_16_6_Cool-Lite Xtreme 70 33_ECLAZ,Component Reuse,26.429433579304312,80.0,24.0,33.03679197413039
,6.3_TGU_6_16_6_16_6_Cool-Lite Xtreme 70 33_ECLAZ,Component Repurpose,23.630006810759,90.0,27.0,26.255563123065553
,6.3_TGU_6_16_6_16_6_Cool-Lite Xtreme 70 33_ECLAZ,Closed-loop Recycling,9.379374073845966,80.0,24.0,11.724217592307458
,6.3_TGU_6_16_6_16_6_Cool-Lite Xtreme 70 33_ECLAZ,Open-loop Recycling,6.078468222208462,20.0,5.999999999999998,30.392341111042317
